Date,Category,Net worth,Assets,Real estate,Consumer durables,Corporate equities and mutual fund shares,Pension entitlements,Private businesses,Other assets,Liabilities,Home mortgages,Consumer credit,Other liabilities
1989:Q3,Top1,23.5,20.9,8.6,18.9,42.9,8.9,44.7,25.9,3.8,3.2,3.2,14.9
1989:Q3,Next9,37.3,34.4,30.1,22.2,39.3,40.8,34.2,37.3,15.9,17.9,7.3,30.7
1989:Q3,Next40,35.5,37.4,49.4,39.9,16.7,45.8,19.6,31.7,49.9,52.4,46.2,32
1989:Q3,Bottom50,3.7,7.3,11.9,19,1.2,4.5,1.5,5.1,30.5,26.5,43.4,22.4
1989:Q4,Top1,23.6,21,9.1,18.7,42.8,9.1,44.2,25.9,3.8,3.3,2.8,16.6
1989:Q4,Next9,37.2,34.4,30.1,21.8,39,40.5,34.8,37.2,15.9,17.9,7.4,30.1
1989:Q4,Next40,35.6,37.5,49.4,40.2,17.1,46,19.3,31.8,49.6,52.2,45.6,32.1
1989:Q4,Bottom50,3.5,7.2,11.4,19.3,1.2,4.4,1.7,5.1,30.8,26.6,44.1,21.2
1990:Q1,Top1,23.5,20.8,9.3,17.9,42.1,9.1,44.5,25.9,3.9,3.3,2.9,17.1
1990:Q1,Next9,37.1,34.2,29.7,22,39,40.6,34.6,37.1,16.3,18.3,7.6,30.7
1990:Q1,Next40,35.8,37.6,49.1,40.6,17.6,46,19.3,31.8,49,51.7,44.8,31.6
1990:Q1,Bottom50,3.7,7.4,11.9,19.5,1.3,4.3,1.7,5.1,30.8,26.8,44.7,20.5
1990:Q2,Top1,23.7,21,9.7,17.8,42.6,9.2,44.6,25.8,3.9,3.3,2.7,18.2
1990:Q2,Next9,37,34.2,29.7,21.7,38.6,40.7,34.4,37.1,16.6,18.7,7.8,30.7
1990:Q2,Next40,35.8,37.5,49.1,40.8,17.4,45.8,19.2,32,48.6,51.2,44.2,31.6
1990:Q2,Bottom50,3.5,7.3,11.5,19.8,1.3,4.3,1.7,5.2,30.8,26.8,45.3,19.6
1990:Q3,Top1,23.2,20.5,9.8,16.9,40.9,9,44.6,26,3.9,3.4,2.5,20.5
1990:Q3,Next9,37,34.2,29.3,22,39,41.1,34.6,36.9,16.7,18.8,7.9,29
1990:Q3,Next40,36.1,37.8,48.7,41.2,18.6,45.8,19,31.9,48.4,51,43.6,32.5
1990:Q3,Bottom50,3.7,7.5,12.1,19.9,1.5,4.1,1.7,5.2,31,26.9,46,18
1990:Q4,Top1,23.5,20.8,10,16.3,41.3,9.1,44.6,26.2,4,3.4,2.3,21.2
1990:Q4,Next9,36.8,34,29,22.2,38.4,40.6,35,36.8,16.6,18.6,8.1,29.6
1990:Q4,Next40,36,37.7,48.7,41.4,18.8,46.2,18.7,31.9,48.2,50.9,42.9,31.9
1990:Q4,Bottom50,3.6,7.5,12.3,20.1,1.5,4.1,1.7,5.1,31.3,27.1,46.7,17.2
1991:Q1,Top1,23.8,21.1,10.3,16,41.8,9.5,44.4,26.1,4.1,3.4,2.5,22.3
1991:Q1,Next9,36.6,33.9,29,22,37.8,39.6,35.4,36.7,16.7,18.5,8.2,29.5
1991:Q1,Next40,35.9,37.6,48.3,41.6,19,46.7,18.4,32.1,48,50.9,42.1,31.9
1991:Q1,Bottom50,3.7,7.5,12.3,20.3,1.4,4.2,1.7,5.1,31.3,27.2,47.3,16.3
1991:Q2,Top1,23.8,21.1,10.5,15.6,41.7,9.9,44.2,25.9,4.1,3.4,2.3,23.3
1991:Q2,Next9,36.5,33.8,28.9,22.1,37.6,39.2,35.6,36.7,17,18.8,8.4,29.5
1991:Q2,Next40,36,37.6,48,41.9,19.2,46.7,18.4,32.2,47.6,50.5,41.4,31.9
1991:Q2,Bottom50,3.8,7.6,12.6,20.5,1.5,4.2,1.8,5.2,31.3,27.2,47.8,15.3
1991:Q3,Top1,24,21.2,10.6,14.7,42.1,10.4,44.5,25.7,4.1,3.5,2.1,22.1
1991:Q3,Next9,36,33.5,28.5,22.6,37.2,38.6,35,36.6,17.5,19.4,8.6,31.8
1991:Q3,Next40,36.1,37.6,47.8,42.1,19.2,46.7,18.6,32.4,47.2,50.2,41,30.5
1991:Q3,Bottom50,4,7.7,13.1,20.6,1.5,4.2,1.8,5.2,31.2,26.9,48.3,15.6
1991:Q4,Top1,24.4,21.6,10.8,14.3,43.1,10.6,44.8,25.8,4,3.5,1.8,21
1991:Q4,Next9,35.8,33.3,28.4,22.7,36.6,38.1,34.7,36.7,18,19.8,8.7,33.8
1991:Q4,Next40,35.8,37.3,47.3,42.3,18.8,47.1,18.8,32.3,46.8,49.9,40.5,29.2
1991:Q4,Bottom50,4,7.8,13.5,20.7,1.5,4.3,1.8,5.2,31.2,26.8,48.9,15.9
1992:Q1,Top1,24.2,21.5,11.2,13.9,42.7,10.2,44.8,25.9,4.1,3.6,1.7,22.6
1992:Q1,Next9,35.7,33.3,28.4,22.5,36.5,38.6,34.8,36.5,18.8,20.7,9,33
1992:Q1,Next40,36,37.5,47.2,42.7,19.3,47.1,18.6,32.3,46.4,49.4,39.9,29.5
1992:Q1,Bottom50,4,7.7,13.3,20.9,1.5,4.1,1.8,5.3,30.7,26.3,49.4,14.9
1992:Q2,Top1,24.2,21.4,11.6,13.5,42.7,10.1,44.8,25.6,4.1,3.6,1.5,22.2
1992:Q2,Next9,35.6,33.3,28.2,22.4,36.3,38.9,34.8,36.4,19.4,21.4,9.2,34.2
1992:Q2,Next40,36.3,37.6,47.2,43,19.4,47,18.5,32.6,46,49,39.4,28.7
1992:Q2,Bottom50,4,7.7,13.1,21.1,1.6,4,1.8,5.4,30.5,26,49.9,14.9
1992:Q3,Top1,24.1,21.3,11.6,12.5,43,10.1,45.1,25.5,4.1,3.6,1.3,23.1
1992:Q3,Next9,35.4,33.2,27.8,23,36,39,34.7,36.3,19.6,21.6,9.4,34.1
1992:Q3,Next40,36.2,37.5,46.7,43.2,19.5,47,18.4,32.7,45.7,48.8,38.8,28.6
1992:Q3,Bottom50,4.3,7.9,13.9,21.2,1.6,3.9,1.8,5.4,30.6,26,50.6,14.1
1992:Q4,Top1,24.6,21.7,11.4,12.7,44.3,9.5,45.9,26.2,4.1,3.7,1.2,23.2
1992:Q4,Next9,35.2,33,27.5,22.8,35.5,39.5,33.6,35.7,19.3,21.3,9.2,31.9
1992:Q4,Next40,36.1,37.4,47,43,18.7,47.1,18.8,32.6,45.3,48.3,38.6,28.9
1992:Q4,Bottom50,4.1,7.9,14.1,21.5,1.5,3.9,1.8,5.4,31.3,26.6,51,16
1993:Q1,Top1,25.2,22.4,11.7,13.8,45,9.6,46.9,27.1,4.3,3.8,1.5,21.9
1993:Q1,Next9,35,32.8,27.8,21.5,35.2,39.4,32.9,35.3,19.2,21.2,9,31.3
1993:Q1,Next40,36,37.2,47.3,42.8,18.3,47.1,18.5,32.2,44.9,48,38.1,28.4
1993:Q1,Bottom50,3.8,7.7,13.3,21.9,1.5,4,1.7,5.5,31.7,27,51.4,18.5
1993:Q2,Top1,25.4,22.5,11.4,13.8,45.5,9.4,47.5,27.7,4.3,3.9,1.6,22
1993:Q2,Next9,34.7,32.5,27.5,21.5,34.9,39.5,32.3,34.7,18.8,20.9,8.8,29.1
1993:Q2,Next40,36,37.2,47.3,42.6,18.1,47.1,18.5,32,44.5,47.5,37.8,28.7
1993:Q2,Bottom50,3.9,7.8,13.7,22.2,1.5,3.9,1.7,5.5,32.3,27.7,51.8,20.2
1993:Q3,Top1,25.7,22.7,11.2,13.7,46.2,9.2,48.2,28.3,4.3,4,1.6,20.4
1993:Q3,Next9,34.5,32.3,27.2,21.5,34.6,39.7,31.8,34.2,18.4,20.4,8.6,29.1
1993:Q3,Next40,35.9,37,47.4,42.4,17.7,47.1,18.3,31.9,44.1,47.2,37.6,28
1993:Q3,Bottom50,3.9,8,14.3,22.4,1.5,4,1.7,5.6,33.1,28.5,52.2,22.5
1993:Q4,Top1,26.1,23,11.1,13.8,46.8,8.9,48.9,29.1,4.3,4,1.4,19.4
1993:Q4,Next9,34.4,32.1,27,21.2,34.4,40,31.4,33.4,18.1,20.1,8.4,28.6
1993:Q4,Next40,35.8,36.9,47.5,42.2,17.4,47.2,18.1,31.9,43.8,46.8,37.6,27.5
1993:Q4,Bottom50,3.8,8,14.4,22.7,1.5,3.9,1.7,5.6,33.9,29,52.5,24.5
1994:Q1,Top1,26.4,23.3,11.1,14.4,46.9,8.6,49.8,30.5,4.4,4.1,1.7,19.5
1994:Q1,Next9,34.3,32,27.1,20.4,34.2,40.4,30.9,33,17.6,19.7,8.3,26.7
1994:Q1,Next40,35.7,36.8,47.7,42.1,17.4,47.1,17.7,31,43.5,46.5,37.1,27.8
1994:Q1,Bottom50,3.6,7.9,14,23.1,1.5,3.9,1.6,5.5,34.5,29.7,52.9,26.1
1994:Q2,Top1,26.7,23.6,11,14.6,47.7,8.7,50.7,31.3,4.4,4.2,1.5,19.4
1994:Q2,Next9,34.1,31.7,27,20.1,33.8,40.7,30.3,32.2,17.3,19.5,8.1,24.9
1994:Q2,Next40,35.6,36.7,47.9,42,16.9,46.7,17.5,30.9,43.2,46.1,37.1,28
1994:Q2,Bottom50,3.6,8,14.1,23.3,1.6,3.9,1.6,5.6,35.1,30.2,53.2,27.7
1994:Q3,Top1,26.9,23.7,10.8,14.5,48.4,8.7,51,31.9,4.4,4.2,1.4,19.6
1994:Q3,Next9,33.9,31.5,26.6,20.2,33.6,40.9,30.2,31.6,17,19.3,8,22.7
1994:Q3,Next40,35.5,36.6,48.1,41.8,16.5,46.5,17.1,30.8,42.9,45.7,37.2,28.4
1994:Q3,Bottom50,3.6,8.2,14.6,23.5,1.6,4,1.7,5.7,35.7,30.7,53.5,29.3
1994:Q4,Top1,27.4,24.1,10.7,14.5,49.1,8.3,51.7,33.1,4.3,4.3,1.1,18.2
1994:Q4,Next9,33.7,31.3,26.2,20,33.3,41.4,29.8,30.9,16.8,19.2,7.8,23
1994:Q4,Next40,35.4,36.5,48.5,41.7,16,46.2,16.8,30.3,42.5,45.3,37.4,27.8
1994:Q4,Bottom50,3.4,8.2,14.6,23.7,1.6,4,1.7,5.7,36.4,31.2,53.7,31
1995:Q1,Top1,27.9,24.5,10.6,14.7,50,8.6,52.4,33.6,4.4,4.4,1.2,18.8
1995:Q1,Next9,33.5,31.1,26,19.8,33,41.2,29.5,30.5,16.4,18.9,7.7,20.3
1995:Q1,Next40,35.2,36.2,48.6,41.5,15.4,46,16.5,30.2,42.3,45,37.1,28.5
1995:Q1,Bottom50,3.5,8.2,14.8,24,1.6,4.1,1.7,5.7,36.9,31.7,54.1,32.5
1995:Q2,Top1,28,24.6,10.1,14.5,50.5,8.6,52.9,33.9,4.4,4.4,1.2,18.7
1995:Q2,Next9,33.4,30.9,25.8,20.1,32.8,41.2,28.9,30.1,15.9,18.5,7.5,18.6
1995:Q2,Next40,34.9,35.9,48.1,41.3,15.1,46.1,16.5,30.3,42.1,44.8,37,28.8
1995:Q2,Bottom50,3.7,8.5,16,24.1,1.6,4.2,1.7,5.8,37.6,32.3,54.3,33.9
1995:Q3,Top1,28.3,24.9,9.7,14.4,50.9,8.6,53.4,34.4,4.4,4.5,1,17.3
1995:Q3,Next9,33.3,30.8,25.7,20.3,32.7,41.1,28.6,29.7,15.7,18.3,7.4,19.2
1995:Q3,Next40,34.6,35.6,47.7,41.1,14.8,46.1,16.4,30.2,41.8,44.4,37.1,28.3
1995:Q3,Bottom50,3.8,8.7,16.9,24.2,1.5,4.2,1.7,5.7,38.1,32.8,54.5,35.2
1995:Q4,Top1,28.5,25.1,9.8,14.3,50.4,8.8,53.3,34.3,4.4,4.5,0.9,19.4
1995:Q4,Next9,33.3,30.8,25.8,20.4,32.9,40.7,28.4,29.6,15.6,18.2,7.6,18.4
1995:Q4,Next40,34.5,35.6,47.7,41.3,15.1,46.2,16.6,30.4,42.2,44.9,37.2,29.2
1995:Q4,Bottom50,3.7,8.5,16.7,24.1,1.6,4.2,1.7,5.7,37.8,32.4,54.3,33
1996:Q1,Top1,28.4,25,9.9,14.1,49.8,8.8,53,34.1,4.5,4.5,1.1,18.5
1996:Q1,Next9,33.4,30.9,26.1,20.4,33.2,40.5,28.3,29.8,15.9,18.1,7.9,23
1996:Q1,Next40,34.5,35.6,47.5,41.5,15.5,46.4,17.1,30.4,42.2,45.3,36.8,27.3
1996:Q1,Bottom50,3.7,8.4,16.5,24,1.6,4.2,1.7,5.6,37.4,32.1,54.2,31.3
1996:Q2,Top1,28.3,25,10,13.8,49.3,8.9,52.7,34,4.6,4.6,1.1,19.9
1996:Q2,Next9,33.4,30.9,25.9,20.7,33.4,40.4,28.2,29.9,16.1,18.3,8.1,23
1996:Q2,Next40,34.7,35.8,47.7,41.7,15.7,46.4,17.4,30.6,42.5,45.6,36.8,27.8
1996:Q2,Bottom50,3.6,8.3,16.3,23.8,1.6,4.2,1.7,5.5,36.9,31.5,54,29.3
1996:Q3,Top1,28.2,24.8,10.1,13.5,48.7,9,52.7,33.7,4.7,4.6,1.1,21.3
1996:Q3,Next9,33.3,30.9,25.9,20.9,33.5,40.3,27.7,29.9,16.3,18.5,8.3,23.2
1996:Q3,Next40,34.9,36,47.9,41.9,16.1,46.5,17.9,30.9,42.7,45.9,36.8,28.1
1996:Q3,Bottom50,3.6,8.3,16.1,23.6,1.7,4.2,1.7,5.5,36.4,31,53.9,27.4
1996:Q4,Top1,28.4,25,10.3,13.6,48.4,9.5,52.7,33.7,4.7,4.6,1,21.9
1996:Q4,Next9,33.3,30.9,26.2,20.8,33.7,39.7,27.8,29.9,16.4,18.6,8.5,25
1996:Q4,Next40,34.8,36,47.9,42.1,16.3,46.5,17.8,30.9,42.8,46.3,36.8,27.3
1996:Q4,Bottom50,3.4,8.1,15.6,23.5,1.7,4.3,1.7,5.4,36,30.5,53.7,25.8
1997:Q1,Top1,28,24.7,10.4,13.5,47.9,9.5,50.5,33.2,4.9,4.6,1.2,22.4
1997:Q1,Next9,33.8,31.4,26.4,20.7,33.8,39.7,30.9,30.4,16.7,18.8,8.7,25.8
1997:Q1,Next40,34.7,35.9,47.8,42.3,16.6,46.5,16.8,31,43,46.6,36.4,27.6
1997:Q1,Bottom50,3.5,8.1,15.4,23.4,1.7,4.3,1.8,5.5,35.4,30,53.6,24.2
1997:Q2,Top1,28.3,25,10.5,13.3,48.3,9.7,50.5,32.6,4.9,4.6,1.2,22.4
1997:Q2,Next9,33.8,31.4,26.4,21.1,33.9,39.6,30.2,30.5,17,18.9,8.9,27.4
1997:Q2,Next40,34.4,35.6,47.8,42.3,16.1,46.3,17.4,31.5,43.1,46.9,36.4,27.5
1997:Q2,Bottom50,3.5,7.9,15.4,23.3,1.7,4.4,1.9,5.5,35,29.6,53.5,22.8
1997:Q3,Top1,28.4,25.1,10.4,13,48.3,9.9,49.9,32.3,4.9,4.7,1.2,22.1
1997:Q3,Next9,33.9,31.6,26.5,21.5,34,39.4,30.7,30.6,17.4,19.1,9,30.6
1997:Q3,Next40,34.2,35.4,47.5,42.4,16.1,46.3,17.5,31.7,43.1,47,36.3,25.6
1997:Q3,Bottom50,3.5,7.9,15.7,23.1,1.7,4.4,1.9,5.4,34.6,29.2,53.4,21.8
1997:Q4,Top1,28.3,25.1,10.6,13.2,48,9.8,49,32.1,4.9,4.7,1.1,22.8
1997:Q4,Next9,34.1,31.8,26.8,21.2,34.1,39.5,31.9,30.5,17.6,19.5,9.2,30.5
1997:Q4,Next40,34.1,35.4,47.4,42.6,16.3,46.4,17.1,32,43.3,47.3,36.4,26.4
1997:Q4,Bottom50,3.5,7.7,15.2,23,1.7,4.4,2,5.4,34.2,28.6,53.3,20.3
1998:Q1,Top1,28.6,25.4,10.6,13,48.3,9.8,47.8,32,5.1,4.7,1.3,22.9
1998:Q1,Next9,34.3,32.1,26.9,21.5,34.1,39.5,33.3,30.8,18.1,19.8,9.4,31.6
1998:Q1,Next40,33.6,34.9,47.2,42.6,15.9,46.3,16.8,31.9,43.3,47.4,36.1,26.4
1998:Q1,Bottom50,3.5,7.6,15.2,22.9,1.7,4.5,2.1,5.3,33.5,28,53.2,19.2
1998:Q2,Top1,28.6,25.4,10.9,12.8,48.1,9.7,47.7,32.3,5.1,4.7,1.3,23.1
1998:Q2,Next9,34.3,32.1,26.9,21.6,34.2,39.6,32.5,30.8,18.3,19.9,9.5,33.1
1998:Q2,Next40,33.8,35.1,47.5,42.8,16.1,46.3,17.6,31.7,43.4,47.6,36.1,25.7
1998:Q2,Bottom50,3.4,7.5,14.7,22.8,1.7,4.4,2.2,5.2,33.3,27.7,53.1,18.1
1998:Q3,Top1,27.9,24.7,10.7,12,46.9,9.7,46.9,32.9,5.1,4.7,1.2,24.5
1998:Q3,Next9,34.3,32.1,26.6,22.3,34.4,39.5,33.3,30.9,18.4,20.1,9.7,32.7
1998:Q3,Next40,34.2,35.6,47.4,43.2,16.9,46.5,17.5,31.1,43.6,47.8,36.1,26.2
1998:Q3,Bottom50,3.6,7.7,15.2,22.5,1.8,4.3,2.3,5.1,33,27.4,53,16.5
1998:Q4,Top1,28.1,25,11.1,12.9,47.1,9.3,46.6,31.8,5.1,4.8,1.2,24.3
1998:Q4,Next9,34.6,32.4,27,21.6,34.6,39.9,33.7,31,18.2,20,9.5,32.1
1998:Q4,Next40,33.9,35.3,47.4,42.8,16.7,46.5,17.5,32.1,43.7,47.9,36.4,27
1998:Q4,Bottom50,3.4,7.4,14.6,22.7,1.7,4.4,2.2,5.1,33,27.4,52.9,16.5
1999:Q1,Top1,27.8,24.7,11.1,13.2,46.5,9.2,46.9,32,5.2,4.8,1.3,24.4
1999:Q1,Next9,34.7,32.4,27,21.5,34.9,40,33.1,31.1,18,19.8,9.4,32.3
1999:Q1,Next40,34,35.3,47.1,42.7,17,46.4,17.8,31.8,43.9,48,36.4,26.7
1999:Q1,Bottom50,3.5,7.5,14.8,22.7,1.7,4.4,2.1,5.1,32.9,27.4,52.9,16.6
1999:Q2,Top1,28.1,24.9,11.2,13.7,46.4,9,47.9,31.6,5.1,4.8,1.3,22.4
1999:Q2,Next9,34.7,32.5,27.2,21.1,35.1,40.2,31.4,31.4,18,19.6,9.2,34.1
1999:Q2,Next40,33.8,35.2,47,42.5,16.9,46.4,18.7,31.9,43.9,48.1,36.6,25.9
1999:Q2,Bottom50,3.3,7.4,14.6,22.7,1.6,4.4,2,5.2,32.9,27.4,52.9,17.6
1999:Q3,Top1,27.8,24.6,11.2,13.7,45.6,9.2,48.1,31.6,5.1,4.8,1.3,22.6
1999:Q3,Next9,34.7,32.4,27.1,21,35.4,40.1,31.4,31.1,18,19.6,9,34.2
1999:Q3,Next40,34.1,35.5,46.8,42.6,17.4,46.4,18.5,32.1,44,48.1,36.9,25.6
1999:Q3,Bottom50,3.4,7.6,14.9,22.7,1.7,4.4,2,5.2,32.9,27.4,52.8,17.6
1999:Q4,Top1,28.3,25.1,11.4,14.2,46.4,8.9,48.1,30.2,5,4.9,1.1,19.2
1999:Q4,Next9,34.7,32.5,27.3,20.7,35.4,40.5,31.5,30.5,18.4,19.9,8.9,37.5
1999:Q4,Next40,33.6,35,46.7,42.3,16.7,46.2,18.4,33.8,43.8,48.1,37.3,24
1999:Q4,Bottom50,3.3,7.3,14.6,22.8,1.6,4.5,1.9,5.5,32.8,27.1,52.7,19.3
2000:Q1,Top1,28.6,25.4,11.5,14.4,46.3,8.8,48.7,30.9,4.8,4.9,1.1,15.5
2000:Q1,Next9,34.8,32.7,27.3,20.5,35.5,40.8,30.8,31.4,19.1,20.2,8.8,41
2000:Q1,Next40,33.3,34.7,46.7,42.2,16.6,46,18.7,32.3,43.6,48,37.4,22.4
2000:Q1,Bottom50,3.3,7.3,14.5,22.9,1.6,4.4,1.8,5.4,32.5,26.8,52.7,21.1
2000:Q2,Top1,28.1,24.9,11.8,14.6,45.6,8.7,49.1,30.9,4.9,5,1,16.6
2000:Q2,Next9,34.8,32.6,27.3,20.2,35.8,41,30.2,31.4,18.9,20.3,8.6,39.9
2000:Q2,Next40,33.7,35.1,46.7,42.2,17.1,45.9,19,32.2,43.7,48,37.8,22.8
2000:Q2,Bottom50,3.3,7.3,14.2,22.9,1.6,4.4,1.8,5.5,32.5,26.7,52.6,20.7
2000:Q3,Top1,27.8,24.6,11.7,14.6,45.1,8.6,48,30.8,4.8,5,0.8,16.5
2000:Q3,Next9,35.1,32.8,27.2,20.3,36,41.2,32.6,30.8,18.9,20.4,8.5,40
2000:Q3,Next40,33.8,35.2,46.6,42.2,17.3,45.9,17.6,32.8,43.8,48,38.2,22.7
2000:Q3,Bottom50,3.4,7.4,14.4,22.9,1.6,4.3,1.8,5.5,32.5,26.6,52.5,20.8
2000:Q4,Top1,27.2,24,12,15,43.6,8.4,48,31.5,4.9,5,0.6,19.5
2000:Q4,Next9,35.1,32.7,27.4,19.8,36.4,41.3,32.9,30.6,18.4,20.3,8.3,36.9
2000:Q4,Next40,34.4,35.8,46.7,42.3,18.3,46,17.3,32.5,44.2,48.1,38.6,24.2
2000:Q4,Bottom50,3.3,7.5,13.9,22.9,1.7,4.2,1.7,5.4,32.6,26.6,52.4,19.5
2001:Q1,Top1,26.6,23.5,12.4,15.2,42.1,8,48.6,31.9,5,5.1,0.7,22.8
2001:Q1,Next9,35.1,32.6,27.3,19.4,36.9,41.5,32.3,30.9,18,20.2,8.2,33.4
2001:Q1,Next40,35.2,36.5,47,42.5,19.3,46.5,17.4,31.9,44.5,48.2,38.7,25.8
2001:Q1,Bottom50,3.2,7.4,13.2,22.9,1.7,4,1.6,5.3,32.5,26.6,52.4,17.9
2001:Q2,Top1,26.6,23.5,12.4,15.4,42.1,7.4,49.1,31.6,5,5.1,0.8,23.1
2001:Q2,Next9,35.3,32.8,27.4,19.3,36.9,41.9,31.7,31.4,17.7,19.9,8,32.9
2001:Q2,Next40,35,36.4,46.8,42.4,19.4,46.8,17.7,31.7,44.7,48.2,38.8,26.2
2001:Q2,Bottom50,3.1,7.4,13.3,22.9,1.6,3.9,1.5,5.3,32.7,26.9,52.4,17.7
2001:Q3,Top1,25.9,22.7,12.4,15.3,40.2,7,49,32.2,4.8,5.1,0.7,18.4
2001:Q3,Next9,35.3,32.7,27.4,19.3,37.4,42.1,31.8,31.4,18.3,20.2,7.9,37.8
2001:Q3,Next40,35.7,37,46.7,42.5,20.7,47.2,17.7,31.2,44.3,48,39,23.8
2001:Q3,Bottom50,3.1,7.6,13.5,22.8,1.7,3.7,1.5,5.2,32.5,26.7,52.3,20.1
2001:Q4,Top1,26,22.9,12.7,15.4,41.3,6.5,49.9,31,5.1,5.1,0.8,25.2
2001:Q4,Next9,35.3,32.6,27.3,19.4,37.1,42.6,30.2,31,16.9,18.9,7.9,31.8
2001:Q4,Next40,35.7,37.1,46.8,42.4,20,47.2,18.6,32.7,45.3,49,39,26.2
2001:Q4,Bottom50,2.9,7.3,13.2,22.8,1.6,3.7,1.4,5.3,32.7,27,52.2,16.7
2002:Q1,Top1,26.1,23,13,15.5,41.7,6.4,50.3,30.9,5.2,5.2,0.9,27.1
2002:Q1,Next9,35.3,32.6,27.3,19.4,37,42.9,29.3,31.4,16.9,19,8,30.9
2002:Q1,Next40,35.7,37.2,46.9,42.4,19.8,47.1,19.1,32.6,45.6,49.3,39,26
2002:Q1,Bottom50,2.9,7.2,12.8,22.7,1.6,3.6,1.3,5.1,32.2,26.5,52.1,16
2002:Q2,Top1,26,22.9,13.2,15.4,41.3,6.3,50.6,31.9,5.4,5.2,0.9,31.1
2002:Q2,Next9,35.5,32.6,27.4,19.3,37,43.1,28.5,32.5,16.8,19,8,27.9
2002:Q2,Next40,35.7,37.3,46.9,42.6,20.2,47.1,19.6,30.7,46,49.5,39.1,26.9
2002:Q2,Bottom50,2.8,7.2,12.6,22.7,1.5,3.4,1.3,5,31.9,26.2,52,14.1
2002:Q3,Top1,25.4,22.2,13.1,15,40.2,6.1,50.9,31.7,5.5,5.3,1,36.2
2002:Q3,Next9,35.5,32.4,27.3,19.6,37.2,43.5,27.8,32.2,16.4,18.7,8.1,24.3
2002:Q3,Next40,36.3,37.9,46.6,42.9,21.1,47.2,20,31.2,46.4,49.9,39.1,27.6
2002:Q3,Bottom50,2.8,7.5,12.9,22.5,1.6,3.2,1.3,4.9,31.7,26.2,51.9,11.8
2002:Q4,Top1,25,21.9,13.2,14.9,40.9,5.8,48.6,31.4,5.6,5.3,1.1,38.3
2002:Q4,Next9,35.5,32.4,27.2,20,37,43.9,27.9,31.6,16.1,18.4,8.1,23.4
2002:Q4,Next40,36.6,38.2,46.6,42.8,20.6,47.1,21.7,32.2,46.7,50.2,39.1,27.6
2002:Q4,Bottom50,2.9,7.5,13,22.4,1.5,3.2,1.8,4.9,31.6,26.1,51.8,10.8
2003:Q1,Top1,25,21.8,13.5,15,41,6,48.3,31.1,5.7,5.3,1.3,38.7
2003:Q1,Next9,35.7,32.5,27.2,19.9,36.9,43.8,28.8,32.2,16,18,8.1,24.2
2003:Q1,Next40,36.6,38.3,46.8,42.8,20.7,47,21.2,31.9,46.9,50.6,38.9,26.4
2003:Q1,Bottom50,2.7,7.4,12.6,22.3,1.4,3.2,1.8,4.8,31.4,26,51.7,10.7
2003:Q2,Top1,25.8,22.5,13.7,15.1,42.6,6.1,49,31.2,5.6,5.3,1.4,28.6
2003:Q2,Next9,35.7,32.5,27.1,20.1,36.5,43.9,27.8,32.6,16.5,17.9,8.2,33.8
2003:Q2,Next40,36.1,37.8,46.9,42.7,19.6,46.8,21.4,31.5,46.6,50.7,38.9,22.1
2003:Q2,Bottom50,2.4,7.2,12.3,22.2,1.3,3.3,1.7,4.7,31.3,26,51.6,15.4
2003:Q3,Top1,26.1,22.7,13.7,14.8,43.4,6.1,50,30.9,5.7,5.3,1.3,32.2
2003:Q3,Next9,35.6,32.4,26.9,20.5,36.2,43.9,26.8,32.8,16.5,18.2,8.2,31.4
2003:Q3,Next40,35.9,37.7,46.9,42.6,19.1,46.7,21.7,31.6,46.8,50.7,39,22.7
2003:Q3,Bottom50,2.5,7.2,12.5,22.1,1.2,3.3,1.6,4.7,31,25.8,51.5,13.8
2003:Q4,Top1,26.5,23.2,13.6,14.7,44.7,6.2,50.6,30.9,6.1,5.3,1.4,41.6
2003:Q4,Next9,35.6,32.4,27.1,20.8,35.8,44,25.9,32.2,16,17.8,8.2,24.2
2003:Q4,Next40,35.4,37.3,46.4,42.5,18.3,46.5,22,32.3,47.1,51,39,24.1
2003:Q4,Bottom50,2.6,7.2,12.9,22,1.2,3.3,1.5,4.6,30.8,25.8,51.4,10
2004:Q1,Top1,27.2,23.9,13.9,14.6,45.5,6.1,50.2,33,6.1,5.4,1.6,40.6
2004:Q1,Next9,35.6,32.4,26.9,20.9,35.6,44.3,26.9,32.4,16,17.7,8.3,25.8
2004:Q1,Next40,34.8,36.8,46.8,42.5,17.8,46.3,21.4,30.4,47.3,51.3,38.8,23.1
2004:Q1,Bottom50,2.4,6.9,12.3,22,1.1,3.3,1.5,4.2,30.6,25.7,51.3,10.5
2004:Q2,Top1,27.1,23.7,13.9,14.2,46,6,50.4,32.6,6.2,5.4,1.7,40.1
2004:Q2,Next9,35.7,32.5,26.7,21.4,35.4,44.6,27.5,32.7,16.2,17.8,8.3,26.9
2004:Q2,Next40,34.7,36.8,46.7,42.5,17.6,46.2,20.6,30.5,47.3,51.2,38.8,22.1
2004:Q2,Bottom50,2.5,7,12.6,21.9,1,3.2,1.4,4.2,30.4,25.6,51.2,10.8
2004:Q3,Top1,27.4,23.9,13.9,14.3,46.6,6,50.4,33,6.1,5.4,1.7,42.2
2004:Q3,Next9,35.9,32.7,27,21.4,35.2,44.9,28.3,32.7,16,17.7,8.3,26.1
2004:Q3,Next40,34.3,36.5,46.4,42.5,17.2,45.9,19.9,30.2,47.5,51.4,38.9,22
2004:Q3,Bottom50,2.5,7,12.7,21.8,1,3.2,1.4,4.1,30.3,25.6,51.1,9.7
2004:Q4,Top1,27.6,24.1,13.8,14.1,47.2,6.5,50.7,32.3,5.8,5.3,1.5,33.9
2004:Q4,Next9,35.7,32.6,27.1,21.5,35.2,44.8,28.6,32.1,16.7,18.1,8.3,32.2
2004:Q4,Next40,34.3,36.3,46.4,42.3,16.6,45.5,19.3,31.3,46.7,50.5,38.9,20.4
2004:Q4,Bottom50,2.4,7,12.7,22.1,1,3.2,1.4,4.2,30.8,26.2,51.2,13.5
2005:Q1,Top1,27.7,24.1,13.8,14.1,47.2,6.9,51.1,32.4,5.7,5.1,1.8,32.8
2005:Q1,Next9,35.9,32.7,27.2,21.3,35.4,44.7,28.3,32.9,16.5,17.7,8.3,32.9
2005:Q1,Next40,34.1,36.1,46.3,42.3,16.4,45.2,19.2,30.5,46.4,50.1,38.5,20.5
2005:Q1,Bottom50,2.3,7.1,12.7,22.3,1,3.2,1.4,4.3,31.5,27.1,51.4,13.9
2005:Q2,Top1,28,24.3,13.7,14.2,47.4,7.3,51.5,32.2,5.5,5,1.8,32.6
2005:Q2,Next9,35.9,32.8,27.6,21,35.5,44.7,28.2,32.7,16.7,18,8.4,32.6
2005:Q2,Next40,33.9,35.8,45.9,42.2,16.1,44.9,18.9,30.7,45.8,49.3,38.4,20.6
2005:Q2,Bottom50,2.3,7.1,12.8,22.6,1,3.2,1.4,4.3,31.9,27.7,51.4,14.2
2005:Q3,Top1,28.1,24.4,13.6,14,47.8,7.7,51.9,31.5,5.4,4.9,1.7,32.4
2005:Q3,Next9,35.9,32.8,27.8,21.1,35.5,44.6,28.1,32.7,16.9,18.3,8.4,32.3
2005:Q3,Next40,33.7,35.6,45.6,42.1,15.7,44.5,18.6,31.4,45.3,48.5,38.4,21
2005:Q3,Bottom50,2.3,7.2,13,22.8,1,3.2,1.4,4.4,32.4,28.3,51.5,14.3
2005:Q4,Top1,28.1,24.4,13.5,13.8,48,8.1,51.8,31.1,5.3,4.7,1.7,34.6
2005:Q4,Next9,35.8,32.8,27.9,21.2,35.6,44.5,28.6,32.3,17,18.6,8.4,29.8
2005:Q4,Next40,33.7,35.5,45.5,41.9,15.4,44.2,18.1,32.1,44.9,47.8,38.3,22
2005:Q4,Bottom50,2.3,7.3,13.2,23.1,1,3.2,1.5,4.5,32.8,28.9,51.6,13.5
2006:Q1,Top1,28.8,24.9,13.3,14,48.7,8.5,51.2,31.4,5.1,4.6,1.6,31.3
2006:Q1,Next9,36.2,33.2,28.3,20.8,35.5,44.3,29.5,33.3,17.5,19.1,8.4,32
2006:Q1,Next40,32.7,34.6,44.9,41.8,14.7,43.9,17.7,30.9,44.3,47,38.3,21.4
2006:Q1,Bottom50,2.3,7.3,13.5,23.4,1,3.3,1.6,4.4,33.1,29.3,51.6,15.3
2006:Q2,Top1,28.7,24.7,13.2,13.8,48.6,8.9,50.6,31.4,5,4.5,1.7,30.6
2006:Q2,Next9,36.5,33.4,28.3,20.9,35.7,44.1,30.7,33.8,17.8,19.3,8.4,31.9
2006:Q2,Next40,32.6,34.5,44.8,41.7,14.7,43.7,17.1,30.3,43.8,46.3,38.1,21.5
2006:Q2,Bottom50,2.2,7.4,13.7,23.6,1,3.3,1.7,4.4,33.5,29.9,51.8,15.9
2006:Q3,Top1,28.8,24.7,13.1,13.5,48.8,9.2,50.3,30.8,4.9,4.4,1.7,28.1
2006:Q3,Next9,36.5,33.4,28.4,21.1,35.8,44,31.5,33.4,17.9,19.5,8.4,33.5
2006:Q3,Next40,32.5,34.3,44.6,41.6,14.4,43.4,16.5,31.3,43.2,45.7,37.9,21.2
2006:Q3,Bottom50,2.2,7.5,13.9,23.8,1,3.4,1.7,4.5,33.9,30.4,52,17.3
2006:Q4,Top1,29,24.9,12.9,13.6,49.2,9.5,50.4,29.7,4.7,4.3,1.7,24
2006:Q4,Next9,36.5,33.4,28.6,21,35.8,43.9,31.6,32.9,18.3,19.7,8.4,36.2
2006:Q4,Next40,32.4,34.1,44.3,41.4,14,43.2,16.3,32.7,42.7,45.2,37.8,20.4
2006:Q4,Bottom50,2.2,7.6,14.3,24,1,3.4,1.7,4.6,34.3,30.8,52.1,19.4
2007:Q1,Top1,29.3,25.2,12.7,13.7,49.4,9.7,49.4,30.4,4.6,4.2,1.8,23.5
2007:Q1,Next9,37,33.9,29,20.7,35.8,43.8,33.1,34,18.6,20.1,8.3,36.2
2007:Q1,Next40,31.5,33.3,43.7,41.3,13.7,43,15.7,31,42.3,44.7,37.5,20.6
2007:Q1,Bottom50,2.2,7.6,14.6,24.3,1,3.4,1.8,4.5,34.5,31.1,52.4,19.8
2007:Q2,Top1,29.4,25.1,12.6,13.8,49.5,10,48.1,30.3,4.4,4.1,1.8,18.7
2007:Q2,Next9,37.4,34.3,29.2,20.5,35.9,43.8,35,34.3,19,20.3,8.3,40
2007:Q2,Next40,31.2,33,43.5,41.2,13.5,42.8,15,30.8,41.8,44.1,37.4,19.4
2007:Q2,Bottom50,2.1,7.6,14.8,24.6,1,3.4,2,4.6,34.9,31.4,52.5,21.9
2007:Q3,Top1,29.5,25.2,12.6,13.7,49.5,10.2,46.9,30.7,4.3,4,1.7,20
2007:Q3,Next9,37.7,34.5,29.2,20.5,36,43.7,36.6,34,18.9,20.4,8.3,37.7
2007:Q3,Next40,31,32.8,43.4,41,13.5,42.7,14.4,30.8,41.5,43.7,37.3,20.4
2007:Q3,Bottom50,1.9,7.6,14.8,24.8,1,3.4,2.1,4.4,35.3,31.9,52.7,21.8
2007:Q4,Top1,29.2,24.9,12.6,13.6,49.1,10,46.2,30.9,4.3,4,1.7,18.5
2007:Q4,Next9,37.9,34.6,29.4,20.4,36.2,43.8,37.3,33.7,19,20.4,8.2,38.6
2007:Q4,Next40,31.2,32.9,43.1,41.2,13.7,42.8,14.3,31.1,41.2,43.4,37.2,20.2
2007:Q4,Bottom50,1.7,7.6,14.9,24.8,1,3.3,2.2,4.3,35.6,32.1,52.8,22.7
2008:Q1,Top1,29.1,24.6,12.4,13.2,48.3,9.7,45.8,32.6,4.3,4,1.9,16.8
2008:Q1,Next9,38.3,34.9,29.7,20.6,36.6,44,36.6,35,19.1,20.5,8.1,39.9
2008:Q1,Next40,31,32.7,42.5,41.5,14.1,43.2,15.3,28.3,40.8,43.1,36.8,19.8
2008:Q1,Bottom50,1.6,7.7,15.5,24.7,1,3.2,2.3,4.1,35.8,32.4,53.1,23.6
2008:Q2,Top1,28.9,24.5,12.4,12.8,47.9,9.5,45.6,33.3,4.3,4,1.8,20.4
2008:Q2,Next9,38.5,35,29.6,21,36.8,44.1,35.9,35.6,19.2,21,8.1,35.9
2008:Q2,Next40,31,32.8,42.5,41.7,14.3,43.3,16.1,27.1,40.8,42.8,36.9,21.3
2008:Q2,Bottom50,1.5,7.7,15.5,24.6,1,3.1,2.4,4,35.7,32.2,53.2,22.4
2008:Q3,Top1,28.6,24,12.6,12.6,47,9.2,44.1,34.1,4.3,4,2,15.4
2008:Q3,Next9,39,35.3,29.5,21,37.3,44.4,37.2,36.1,19.3,20.6,7.9,40.1
2008:Q3,Next40,31.3,33,42.7,41.9,14.7,43.4,16.1,25.9,40.3,42.7,36.6,19.9
2008:Q3,Bottom50,1.1,7.7,15.2,24.5,1,3,2.6,3.9,36.1,32.6,53.5,24.7
2008:Q4,Top1,27.1,22.8,12.6,12.4,45,8.6,43.2,33.4,4.7,4,2.2,32.1
2008:Q4,Next9,39.3,35.2,29.8,21,38.1,44.9,37.2,34.7,18.1,20.4,7.9,21.8
2008:Q4,Next40,32.4,34,42.3,42.2,15.9,43.8,16.9,27.9,40.8,42.6,36.3,26.8
2008:Q4,Bottom50,1.1,7.9,15.3,24.4,1,2.7,2.8,4,36.4,32.9,53.6,19.3
2009:Q1,Top1,26.9,22.6,12.4,12.3,44.2,8.4,42.2,34.8,4.9,4,2.5,37.3
2009:Q1,Next9,40.2,35.8,30.2,21.1,38.6,45.2,37.8,36,17.6,20.1,7.8,16
2009:Q1,Next40,31.8,33.5,41.4,42.4,16.2,43.8,17.1,25.4,40.8,42.5,35.7,29.2
2009:Q1,Bottom50,1.2,8.1,16.1,24.2,1,2.6,2.9,3.9,36.7,33.3,54,17.6
2009:Q2,Top1,27.2,22.9,12.5,12.1,45.7,8.6,43.1,33.7,4.9,4,2.6,35
2009:Q2,Next9,39.8,35.5,30.1,21.4,38.2,44.9,35.3,35.7,17.8,20.3,7.7,17
2009:Q2,Next40,32,33.7,41.5,42.4,15.2,43.7,18.7,26.7,40.5,42.3,35.6,29.1
2009:Q2,Bottom50,1,7.9,15.9,24.1,0.9,2.7,2.9,4,36.8,33.4,54.1,18.9
2009:Q3,Top1,28.1,23.7,12.7,11.8,46.8,8.7,43.7,34.6,4.9,4,2.8,31.8
2009:Q3,Next9,39.8,35.6,29.9,21.9,37.9,44.7,33.5,36.5,17.7,20.1,7.6,19.4
2009:Q3,Next40,31.4,33.1,41.8,42.3,14.4,43.7,19.9,25,40.3,42.2,35.2,28.4
2009:Q3,Bottom50,0.7,7.6,15.6,23.9,0.9,2.8,2.9,3.9,37.1,33.7,54.4,20.4
2009:Q4,Top1,27.5,23.3,12.9,11.8,47,8.7,43.8,32.1,4.8,4,2.9,28.4
2009:Q4,Next9,39.2,35.2,30,21.9,37.9,44.8,33.3,34.2,17.9,20.2,7.5,22.2
2009:Q4,Next40,32.5,34,41.7,42.4,14.2,43.7,20,29.7,40,41.9,35,27.6
2009:Q4,Bottom50,0.7,7.6,15.4,23.9,0.9,2.9,2.9,4.1,37.2,33.8,54.6,21.9
2010:Q1,Top1,28.2,23.9,13.1,11.7,47.4,8.5,44.5,33.7,4.9,4.1,3.1,25.9
2010:Q1,Next9,39.6,35.6,30,22.1,37.9,45,32.7,35.8,18.1,20.4,7.4,23
2010:Q1,Next40,31.7,33.2,41.8,42.4,13.8,43.6,20,26.6,39.8,41.8,34.6,27.9
2010:Q1,Bottom50,0.6,7.3,15.1,23.8,0.9,2.9,2.8,3.8,37.2,33.8,54.9,23.2
2010:Q2,Top1,28.1,23.8,13.2,11.5,46.9,8.3,44.6,34.5,4.9,4.1,3.1,24.5
2010:Q2,Next9,39.9,35.9,30,22.2,38.3,45.3,33.7,36.1,18.4,20.7,7.4,24.1
2010:Q2,Next40,31.7,33.1,41.9,42.7,14,43.7,18.9,25.7,39.5,41.5,34.5,27.4
2010:Q2,Bottom50,0.4,7.2,14.8,23.6,0.8,2.7,2.7,3.7,37.1,33.7,55,24
2010:Q3,Top1,28.4,24.2,13.1,11.4,47.7,8.3,45.6,34.2,4.9,4.1,3.2,23.3
2010:Q3,Next9,39.8,36,30.3,22.5,38.1,45.4,33.1,35.8,18.5,20.8,7.3,25.1
2010:Q3,Next40,31.3,32.7,41.3,42.6,13.5,43.6,18.6,26.3,39.3,41.3,34.3,26.9
2010:Q3,Bottom50,0.5,7.1,15.3,23.5,0.8,2.8,2.6,3.7,37.3,33.8,55.3,24.7
2010:Q4,Top1,28.5,24.3,13.2,11.9,48.1,8.1,46.1,32.7,4.8,4.1,2.7,21
2010:Q4,Next9,39.4,35.7,30.4,22.3,37.7,45.4,33.2,34.1,18.6,20.8,7.4,28.7
2010:Q4,Next40,31.7,33,41.2,42.4,13.4,43.7,18.2,29.3,39.4,41.7,34.7,24.5
2010:Q4,Bottom50,0.5,7,15.2,23.5,0.8,2.8,2.4,3.9,37.3,33.4,55.2,25.8
2011:Q1,Top1,29.1,24.9,13.5,12.2,48.5,8.1,46.2,33.7,4.7,4.1,2.8,19.2
2011:Q1,Next9,39.5,35.9,30.3,22.1,37.4,45.2,33.8,35.4,19,21.2,7.3,31.6
2011:Q1,Next40,30.9,32.4,41.5,42.2,13.3,43.9,17.7,27,39.3,42,34.4,22.4
2011:Q1,Bottom50,0.4,6.8,14.7,23.5,0.8,2.8,2.3,3.9,36.9,32.8,55.5,26.8
2011:Q2,Top1,29.3,25.1,13.9,12.6,48.4,8,46.6,33.8,4.7,4.1,2.6,19.5
2011:Q2,Next9,39.3,35.8,30.2,21.7,37.3,45,33.7,35.3,19.1,21.3,7.4,32.3
2011:Q2,Next40,31.1,32.5,41.8,42.1,13.4,44.2,17.5,27,39.5,42.3,34.4,21.1
2011:Q2,Bottom50,0.3,6.6,14.1,23.6,0.8,2.8,2.2,3.8,36.7,32.3,55.6,27.1
2011:Q3,Top1,29,24.8,13.7,12.5,47.4,7.9,47.5,34.9,4.8,4.1,2.5,22.5
2011:Q3,Next9,39.3,35.7,30.2,21.9,37.6,44.9,32.7,35.5,19,21.5,7.4,29
2011:Q3,Next40,31.2,32.7,41.4,42.1,14.2,44.5,17.7,25.8,39.8,42.6,34.4,21.3
2011:Q3,Bottom50,0.4,6.8,14.7,23.5,0.8,2.6,2.1,3.8,36.5,31.8,55.8,27.1
2011:Q4,Top1,28.8,24.6,13.6,13,47.7,7.8,47.5,33.4,4.8,4.1,2.3,23.9
2011:Q4,Next9,39,35.5,30.5,21.7,37.3,44.8,33.4,34,18.9,21.5,7.4,27.6
2011:Q4,Next40,31.6,33.1,41.1,41.9,14.1,44.7,17.1,28.6,40,42.9,34.4,21
2011:Q4,Bottom50,0.6,6.8,14.9,23.5,0.9,2.7,2,4,36.3,31.4,55.8,27.6
2012:Q1,Top1,29.4,25.2,13.9,13.6,48.4,7.8,46.8,33.8,4.7,4.1,2.3,22.1
2012:Q1,Next9,39.2,35.9,30.6,21.3,36.9,44.7,34.7,35,19.4,22,7.5,30.5
2012:Q1,Next40,30.8,32.4,41.1,41.6,13.8,44.8,16.5,27.2,40,43.2,34.2,19.1
2012:Q1,Bottom50,0.6,6.5,14.4,23.5,0.9,2.8,2,4,35.9,30.7,56.1,28.4
2012:Q2,Top1,29.5,25.3,14.1,13.7,48.2,7.7,47.1,34.7,4.8,4.1,2.1,24
2012:Q2,Next9,39.1,35.8,30.4,21.3,36.8,44.5,34.5,35.5,19.4,22.1,7.5,29
2012:Q2,Next40,30.8,32.4,41.4,41.5,14.1,45,16.6,25.9,40.2,43.5,34.2,18.4
2012:Q2,Bottom50,0.6,6.5,14.1,23.4,0.9,2.7,1.9,3.9,35.6,30.2,56.2,28.5
2012:Q3,Top1,29.6,25.5,14.1,14,48.5,7.7,47.3,34.3,4.7,4.1,2,23
2012:Q3,Next9,38.8,35.6,30.4,21.3,36.6,44.4,34.5,34.7,19.4,22,7.5,30.7
2012:Q3,Next40,30.9,32.4,41.3,41.3,14,45.2,16.3,27.1,40.3,43.9,34.2,17.1
2012:Q3,Bottom50,0.7,6.4,14.2,23.4,0.9,2.8,1.8,3.9,35.6,29.9,56.3,29.2
2012:Q4,Top1,29.7,25.6,14.2,14.2,48.6,7.6,47.5,34.4,4.6,4.2,1.6,23.1
2012:Q4,Next9,38.6,35.5,30.4,21.2,36.4,44.2,34.6,34.6,19.7,22.6,7.6,30.7
2012:Q4,Next40,30.9,32.5,41.2,41.2,14.1,45.4,16.2,27.1,40.4,44.1,34.4,16.3
2012:Q4,Bottom50,0.8,6.4,14.1,23.4,0.9,2.7,1.8,3.9,35.2,29.1,56.4,29.9
2013:Q1,Top1,30,26,14.5,14.7,49.2,7.4,47.7,34.1,4.7,4.1,1.9,23.4
2013:Q1,Next9,38.6,35.5,30.4,21,36.1,44.4,34.6,34.7,19.1,21.8,7.6,31.1
2013:Q1,Next40,30.7,32.3,41.6,40.9,13.8,45.5,16,27.2,40.7,44.8,33.9,15.4
2013:Q1,Bottom50,0.7,6.2,13.5,23.4,0.9,2.7,1.7,4,35.4,29.3,56.6,30.2
2013:Q2,Top1,30,26,14.6,15,49.3,7.2,47.8,34.5,4.7,4.1,1.7,23.7
2013:Q2,Next9,38.8,35.8,30.3,21,35.9,44.5,35.1,35.6,19.2,21.9,7.6,31
2013:Q2,Next40,30.4,32.1,41.8,40.7,13.9,45.6,15.5,25.8,40.9,45.1,34,14.5
2013:Q2,Bottom50,0.8,6.1,13.3,23.3,0.9,2.7,1.6,4,35.2,28.9,56.7,30.7
2013:Q3,Top1,29.9,26,14.7,15.1,49.5,7.1,47.8,33.8,4.6,4.1,1.6,23.5
2013:Q3,Next9,38.6,35.6,30.1,21.1,35.7,44.6,35.8,34.8,19.3,22,7.6,32.1
2013:Q3,Next40,30.7,32.2,42,40.5,13.8,45.7,14.8,27.3,41,45.4,34,13.4
2013:Q3,Bottom50,0.9,6.1,13.2,23.3,0.9,2.7,1.6,4.1,35.1,28.4,56.8,31.1
2013:Q4,Top1,29.9,26.1,14.8,15.3,50,7,48.8,32.6,4.5,4.2,1.6,17.1
2013:Q4,Next9,38.4,35.6,30.1,21,35.6,45,35.2,34.1,19.6,21.9,7.7,37.7
2013:Q4,Next40,30.8,32.3,42.2,40.5,13.5,45.3,14.5,28.9,41,45.8,34.3,13.2
2013:Q4,Bottom50,0.8,5.9,12.9,23.2,0.9,2.7,1.5,4.3,34.9,28.1,56.4,32
2014:Q1,Top1,30.4,26.6,14.9,15.5,50.4,7.1,49.7,33.1,4.6,4.3,1.8,16.8
2014:Q1,Next9,38.5,35.7,30.2,20.7,35.5,45.2,34.3,35,19.7,21.9,7.7,37.9
2014:Q1,Next40,30.3,31.9,42.3,40.7,13.3,45.1,14.5,27.7,41.2,46.1,34.3,13.3
2014:Q1,Bottom50,0.8,5.8,12.6,23.1,0.9,2.6,1.4,4.2,34.5,27.6,56.2,32
2014:Q2,Top1,30.6,26.8,14.8,15.6,50.7,7.2,50.1,32.8,4.6,4.4,1.8,15.6
2014:Q2,Next9,38.4,35.7,30.3,20.5,35.4,45.3,34.2,34.9,19.8,22,7.8,38.8
2014:Q2,Next40,30.1,31.7,42.3,40.8,13,44.9,14.3,28.1,41.4,46.4,34.7,13.5
2014:Q2,Bottom50,0.9,5.8,12.6,23.1,0.8,2.7,1.4,4.2,34.2,27.2,55.8,32.1
2014:Q3,Top1,30.6,26.9,14.9,15.8,50.7,7.2,50.9,33.2,4.7,4.5,1.8,18.6
2014:Q3,Next9,38.6,35.8,30.4,20.2,35.4,45.5,33.6,35.7,19.5,22.1,7.8,35.4
2014:Q3,Next40,29.8,31.6,42.4,41,13,44.7,14.1,27,41.8,46.7,34.9,14
2014:Q3,Bottom50,1,5.7,12.4,23,0.8,2.6,1.4,4.2,34,26.8,55.6,31.9
2014:Q4,Top1,30.7,27,15,16,51,7.2,51.5,32.4,4.8,4.6,1.8,19.3
2014:Q4,Next9,38.4,35.7,30.5,19.9,35.4,45.7,33.3,34.7,19.3,22,7.8,34.3
2014:Q4,Next40,29.9,31.7,42.5,41.1,12.8,44.4,13.9,28.7,42.1,47,35.2,14.5
2014:Q4,Bottom50,0.9,5.6,12.1,23,0.8,2.6,1.4,4.2,33.8,26.4,55.2,31.9
2015:Q1,Top1,31,27.3,15,16.2,51.2,7.3,51.6,32.6,4.9,4.6,2,19.7
2015:Q1,Next9,38.5,35.8,30.6,19.6,35.3,45.9,33.5,35.4,19.2,21.9,7.8,33.4
2015:Q1,Next40,29.5,31.3,42.6,41.3,12.6,44.2,13.5,27.8,42.4,47.4,35.1,15
2015:Q1,Bottom50,1,5.5,11.8,22.9,0.8,2.6,1.4,4.2,33.5,26,55,31.9
2015:Q2,Top1,31.1,27.4,15.1,16.3,51.3,7.4,52.4,32.7,4.9,4.7,2,19.1
2015:Q2,Next9,38.6,35.9,30.7,19.3,35.3,46,32.8,36,19.1,21.8,7.9,33.6
2015:Q2,Next40,29.3,31.2,42.6,41.5,12.6,44,13.4,27.1,42.6,47.7,35.4,15.4
2015:Q2,Bottom50,1,5.5,11.6,23,0.8,2.6,1.3,4.2,33.3,25.8,54.7,31.8
2015:Q3,Top1,30.9,27.2,15,16,51,7.6,53.1,33.2,5.1,4.8,2.1,22.4
2015:Q3,Next9,38.7,35.8,30.6,19.3,35.4,46.1,32.1,36.3,18.7,21.7,7.9,29.6
2015:Q3,Next40,29.4,31.4,42.7,41.8,12.7,43.9,13.5,26.4,43,48,35.6,16.5
2015:Q3,Bottom50,1,5.6,11.7,22.8,0.8,2.5,1.3,4.1,33.2,25.5,54.5,31.5
2015:Q4,Top1,30.8,27.2,15,16,51.3,7.6,53.8,32,5.2,4.8,2.3,22
2015:Q4,Next9,38.3,35.5,30.5,19.3,35.4,46.3,31.4,35,18.7,21.8,7.9,29
2015:Q4,Next40,29.8,31.7,42.9,41.9,12.6,43.6,13.5,28.8,43.3,48.2,35.5,17.6
2015:Q4,Bottom50,1.1,5.6,11.6,22.8,0.8,2.5,1.3,4.2,32.8,25.2,54.3,31.3
2016:Q1,Top1,31,27.5,15,16.2,51.5,7.7,54.7,32.4,5.4,4.9,2.5,23.5
2016:Q1,Next9,38.3,35.6,30.6,19,35.3,46.4,29.9,35.8,18.5,21.6,7.9,27.2
2016:Q1,Next40,29.5,31.5,43,42.1,12.4,43.4,14.1,27.6,43.6,48.6,35.5,18.5
2016:Q1,Bottom50,1.2,5.5,11.4,22.8,0.8,2.5,1.3,4.2,32.5,24.9,54.1,30.8
2016:Q2,Top1,31.2,27.7,15.1,16.4,51.6,7.8,55,32.6,5.4,5,2.5,23.4
2016:Q2,Next9,38.4,35.7,30.8,18.5,35.3,46.6,29.3,36.5,18.4,21.4,7.9,27.6
2016:Q2,Next40,29.3,31.3,43,42.3,12.3,43.2,14.4,26.7,43.8,48.9,35.7,18.8
2016:Q2,Bottom50,1.1,5.4,11.1,22.8,0.8,2.5,1.3,4.1,32.3,24.7,53.9,30.2
2016:Q3,Top1,31.1,27.6,15,16.2,51.8,7.8,54.5,32.2,5.5,5.1,2.6,22.7
2016:Q3,Next9,38.4,35.7,30.6,18.8,35.2,46.7,29.9,36.3,18.4,21.4,7.9,28.5
2016:Q3,Next40,29.2,31.2,43,42.4,12.2,43,14.2,27.3,44,49.1,35.8,19.1
2016:Q3,Bottom50,1.2,5.5,11.4,22.7,0.8,2.5,1.4,4.1,32.2,24.4,53.7,29.7
2016:Q4,Top1,30.8,27.3,15,15.9,51.8,7.6,54.1,31.2,5.4,5.1,2.4,24
2016:Q4,Next9,38.3,35.5,30.5,19.1,35.3,46.9,30.1,35.2,18.3,21.6,7.8,26.2
2016:Q4,Next40,29.7,31.6,43.2,42.3,12.1,43,14.3,29.4,44.1,49.1,35.9,19.8
2016:Q4,Bottom50,1.3,5.5,11.3,22.7,0.8,2.5,1.5,4.3,32.2,24.2,53.9,30
2017:Q1,Top1,31,27.6,15.1,15.7,52,7.5,54.4,31.3,5.5,5.1,2.4,24.3
2017:Q1,Next9,38.3,35.6,30.4,19.2,35.3,47,29.8,35.6,18.4,21.9,7.7,25.4
2017:Q1,Next40,29.5,31.4,43.4,42.3,11.9,42.9,14.4,28.8,44,49.1,35.7,20
2017:Q1,Bottom50,1.3,5.4,11,22.8,0.7,2.6,1.4,4.3,32.1,24,54.2,30.3
2017:Q2,Top1,31,27.6,15,15.5,52.1,7.3,54.2,31.2,5.4,5.1,2.3,23.5
2017:Q2,Next9,38.4,35.7,30.5,19.5,35.3,47.1,30.3,35.6,18.6,22.1,7.6,25
2017:Q2,Next40,29.3,31.3,43.3,42.2,11.8,42.9,14.1,28.9,44,49,35.8,20.8
2017:Q2,Bottom50,1.4,5.5,11.3,22.8,0.7,2.6,1.4,4.3,32.1,23.8,54.4,30.7
2017:Q3,Top1,30.9,27.5,14.9,15.2,52.2,7.2,54,30.9,5.4,5.1,2.2,24
2017:Q3,Next9,38.4,35.8,30.5,19.8,35.3,47.3,30.7,35.6,18.6,22.4,7.5,23.8
2017:Q3,Next40,29.3,31.2,43.3,42.2,11.7,42.9,13.9,29.2,43.9,49,35.7,21.2
2017:Q3,Bottom50,1.4,5.5,11.4,22.8,0.7,2.6,1.4,4.3,32.1,23.6,54.6,31
2017:Q4,Top1,31,27.6,14.9,14.9,52.4,6.9,53.8,30.4,5.3,5.1,2,22.1
2017:Q4,Next9,38.3,35.8,30.3,20.2,35.3,47.5,31.3,35,18.8,22.6,7.4,25.3
2017:Q4,Next40,29.3,31.2,43.4,42,11.6,42.9,13.5,30.2,43.8,48.9,35.8,21.2
2017:Q4,Bottom50,1.4,5.4,11.3,22.9,0.7,2.7,1.4,4.3,32.1,23.4,54.8,31.4
2018:Q1,Top1,31,27.6,15,14.6,52.4,6.9,54.2,30.9,5.3,5.1,2,22.1
2018:Q1,Next9,38.4,35.8,30.3,20.3,35.4,47.5,30.7,35.8,18.9,22.9,7.2,24.4
2018:Q1,Next40,29.2,31.1,43.6,42.1,11.6,42.9,13.7,29,43.8,48.9,35.6,21.8
2018:Q1,Bottom50,1.4,5.4,11.2,23,0.7,2.7,1.4,4.3,32,23.1,55.1,31.6
2018:Q2,Top1,30.9,27.6,14.8,14.3,52.4,6.7,53.6,30.8,5.3,5.1,1.9,22.2
2018:Q2,Next9,38.5,36,30.4,20.6,35.4,47.7,31.6,35.9,19,23.2,7.2,22.6
2018:Q2,Next40,29.1,31,43.4,42.1,11.5,42.9,13.4,29.1,43.8,48.8,35.6,23.2
2018:Q2,Bottom50,1.6,5.5,11.4,23,0.7,2.7,1.4,4.2,31.9,22.9,55.3,32
2018:Q3,Top1,30.9,27.6,14.8,14.1,52.5,6.4,53.8,30.8,5.2,5.1,1.8,22.5
2018:Q3,Next9,38.5,36,30.4,20.8,35.4,47.9,30.9,35.9,19,23.5,7,21.7
2018:Q3,Next40,29,30.9,43.3,42,11.4,42.9,13.8,29.2,43.8,48.7,35.6,23.6
2018:Q3,Bottom50,1.6,5.5,11.6,23.1,0.7,2.8,1.4,4.1,32,22.8,55.5,32.2
2018:Q4,Top1,30.2,26.9,14.8,13.5,51.9,6.6,53.6,31.2,5.2,5.1,1.7,23.5
2018:Q4,Next9,38.6,36,30.2,21.1,35.8,47.7,31,36,18.9,23.7,7,17.9
2018:Q4,Next40,29.6,31.5,43.4,42.4,11.6,43,13.9,28.8,43.9,48.7,35.7,25.9
2018:Q4,Bottom50,1.6,5.6,11.6,23.1,0.6,2.7,1.5,4.1,32,22.6,55.7,32.7
2019:Q1,Top1,30.7,27.5,14.9,13.7,52.5,6.3,53.3,30.6,5.3,5.1,1.7,25
2019:Q1,Next9,38.5,36,30.3,21,35.6,48,31.5,35.7,18.9,23.8,6.8,16.3
2019:Q1,Next40,29.2,31.1,43.6,42.1,11.3,42.9,13.8,29.6,43.9,48.7,35.5,26
2019:Q1,Bottom50,1.6,5.4,11.2,23.3,0.6,2.8,1.5,4.1,31.9,22.4,56,32.8
2019:Q2,Top1,30.7,27.5,14.8,13.5,52.6,6.1,52.6,30.6,5.2,5.1,1.6,23.8
2019:Q2,Next9,38.7,36.2,30.5,21.1,35.6,48.2,32.5,35.6,18.9,23.9,6.8,16.1
2019:Q2,Next40,29,30.9,43.4,42.1,11.2,42.9,13.4,29.8,43.9,48.7,35.5,26.9
2019:Q2,Bottom50,1.6,5.4,11.4,23.4,0.6,2.8,1.5,4,32,22.3,56.2,33.2
2019:Q3,Top1,30.4,27.3,14.6,13,52.5,5.9,52.2,30.6,5.2,5,1.5,24.4
2019:Q3,Next9,38.8,36.3,30.4,21.6,35.7,48.3,33.1,35.6,18.9,24.1,6.6,14.9
2019:Q3,Next40,29,30.9,43.2,42.1,11.2,42.9,13.2,29.9,43.9,48.7,35.4,27.3
2019:Q3,Bottom50,1.7,5.6,11.8,23.3,0.6,2.9,1.6,4,32,22.2,56.4,33.4
2019:Q4,Top1,30.8,27.6,14.5,12.9,52.7,5.6,52.7,30.6,5.1,5,1.4,23.1
2019:Q4,Next9,38.7,36.3,30.3,21.8,35.6,48.5,32.2,35.6,19,24.2,6.7,15.8
2019:Q4,Next40,28.7,30.6,43.1,41.9,11.1,42.9,13.5,29.9,43.8,48.6,35.6,27.6
2019:Q4,Bottom50,1.8,5.5,12,23.4,0.6,2.9,1.5,4,32.1,22.2,56.3,33.6
2020:Q1,Top1,29.6,26.4,14.5,12.5,51.6,5.9,52.8,31.1,5.1,5,1.6,21.1
2020:Q1,Next9,38.7,36.1,30.2,21.7,36.1,48.2,32.3,35.4,19.1,24.3,6.6,16.2
2020:Q1,Next40,29.9,31.7,43.3,42.4,11.7,43.1,13.4,29.5,43.8,48.4,35.3,28.8
2020:Q1,Bottom50,1.8,5.8,11.9,23.3,0.6,2.7,1.5,4,32,22.2,56.5,33.9
2020:Q2,Top1,30.4,27.3,14.7,12.7,52.4,5.6,52.9,30.9,5.1,5,1.6,21.7
2020:Q2,Next9,38.4,36.1,30,21.9,35.7,48.6,32.1,35.2,19.3,24.6,6.6,15.6
2020:Q2,Next40,29.4,31.2,43.8,42,11.3,43,13.5,29.8,43.6,48.2,35.2,28.8
2020:Q2,Bottom50,1.8,5.5,11.5,23.4,0.6,2.8,1.5,4,31.9,22.2,56.6,33.9
2020:Q3,Top1,30.8,27.7,14.8,12.5,52.8,5.4,53.7,30.6,5,5,1.6,19.1
2020:Q3,Next9,38.2,36,29.9,21.8,35.5,48.8,31.2,35.3,19.8,24.8,6.6,20.3
2020:Q3,Next40,29.2,30.9,44,41.9,11.1,43,13.7,30,43.3,47.9,35.2,26.8
2020:Q3,Bottom50,1.8,5.4,11.4,23.7,0.6,2.9,1.4,4.1,32,22.3,56.6,33.8
2020:Q4,Top1,31.6,28.5,14.7,12.6,53.3,5.1,53.6,30.9,4.8,5,1.5,15.7
2020:Q4,Next9,38,36,29.8,21.9,35.3,49,31.5,35.2,20.2,25,6.6,24.9
2020:Q4,Next40,28.5,30.2,44.1,41.6,10.8,42.9,13.4,29.8,43,47.7,35.3,25.5
2020:Q4,Bottom50,1.8,5.3,11.4,23.9,0.6,2.9,1.4,4.1,32,22.4,56.6,33.9
2021:Q1,Top1,32,28.9,14.8,12.6,53.5,5,54.5,30.7,4.7,5,1.5,13.6
2021:Q1,Next9,37.7,35.8,29.9,21.7,35.1,49.2,30.5,35.2,20.8,25.4,6.5,28.4
2021:Q1,Next40,28.4,30,44.1,41.6,10.7,42.9,13.7,29.9,42.7,47.5,35.2,24.1
2021:Q1,Bottom50,1.9,5.3,11.2,24.1,0.6,3,1.3,4.2,31.8,22.2,56.7,33.9
2021:Q2,Top1,32.3,29.2,14.4,12.6,53.8,4.7,55.5,30.5,4.7,5,1.5,13.1
2021:Q2,Next9,37.6,35.7,30.2,21.4,35,49.4,29.5,35.2,20.8,25.4,6.6,29
2021:Q2,Next40,28,29.6,43.4,41.5,10.5,42.8,13.8,30,42.6,47.3,35.4,24
2021:Q2,Bottom50,2.2,5.5,12,24.5,0.6,3.1,1.2,4.3,31.9,22.4,56.6,33.9
2021:Q3,Top1,32.2,29.1,14,12.4,53.8,4.7,56.4,30.6,4.6,4.9,1.5,13.3
2021:Q3,Next9,37.5,35.7,30.6,21.2,35,49.4,28.8,35,20.7,25.3,6.6,27.8
2021:Q3,Next40,27.8,29.4,42.6,41.6,10.6,42.8,13.6,30,42.6,47.2,35.4,24.9
2021:Q3,Bottom50,2.5,5.8,12.9,24.8,0.6,3.1,1.1,4.3,32.1,22.6,56.6,34
2021:Q4,Top1,32.3,29.2,13.8,12.4,53.9,4.3,56.7,30.7,4.5,4.9,1.4,11.9
2021:Q4,Next9,37.5,35.7,30.7,21.1,35,49.8,28.7,35,20.6,25.2,6.6,26.9
2021:Q4,Next40,27.6,29.3,42.4,41.5,10.5,42.7,13.5,30,42.7,47,35.6,26.9
2021:Q4,Bottom50,2.6,5.9,13.1,25,0.6,3.2,1.1,4.3,32.2,22.9,56.5,34.3
